timestamp,venue,intercept_type,reflex_latency_us,gas_burned,potential_loss_saved_usd,gas_saved_usd,status
2026-09-13T05:17:02.376Z,usdai,OBSERVATORY_HAIRCUT,38.7,0.000000,20309.00,0.25,FAIL_CLOSED
2026-09-13T05:22:30.893Z,usdai,OBSERVATORY_HAIRCUT,38.7,0.000000,20619.00,0.25,FAIL_CLOSED
2026-09-13T05:27:59.410Z,usdai,OBSERVATORY_HAIRCUT,38.8,0.000000,20928.00,0.25,FAIL_CLOSED
2026-09-13T05:33:27.927Z,usdai,OBSERVATORY_HAIRCUT,38.9,0.000000,21237.00,0.25,FAIL_CLOSED
2026-09-13T05:38:56.444Z,usdai,OBSERVATORY_HAIRCUT,39.0,0.000000,21546.00,0.25,FAIL_CLOSED
2026-09-13T05:44:24.962Z,usdai,OBSERVATORY_HAIRCUT,39.0,0.000000,21856.00,0.25,FAIL_CLOSED
2026-09-13T05:49:53.479Z,usdai,OBSERVATORY_HAIRCUT,39.1,0.000000,22165.00,0.25,FAIL_CLOSED
2026-09-13T05:55:21.996Z,usdai,OBSERVATORY_HAIRCUT,39.2,0.000000,22474.00,0.25,FAIL_CLOSED
2026-09-13T06:00:50.513Z,usdai,OBSERVATORY_HAIRCUT,39.2,0.000000,22784.00,0.25,FAIL_CLOSED
2026-09-13T06:06:19.030Z,usdai,OBSERVATORY_HAIRCUT,39.3,0.000000,23093.00,0.25,FAIL_CLOSED
2026-09-13T06:11:47.547Z,usdai,OBSERVATORY_HAIRCUT,39.4,0.000000,23402.00,0.25,FAIL_CLOSED
2026-09-13T06:17:16.064Z,usdai,OBSERVATORY_HAIRCUT,39.4,0.000000,23711.00,0.25,FAIL_CLOSED
2026-09-13T06:22:44.581Z,usdai,OBSERVATORY_HAIRCUT,39.5,0.000000,24021.00,0.25,FAIL_CLOSED
2026-09-13T06:28:13.098Z,usdai,OBSERVATORY_HAIRCUT,39.6,0.000000,24330.00,0.25,FAIL_CLOSED
2026-09-13T06:33:41.616Z,usdai,OBSERVATORY_HAIRCUT,39.7,0.000000,24639.00,0.25,FAIL_CLOSED
2026-09-13T06:39:10.133Z,usdai,OBSERVATORY_HAIRCUT,39.7,0.000000,24948.00,0.25,FAIL_CLOSED
2026-09-13T06:44:38.650Z,usdai,OBSERVATORY_HAIRCUT,39.8,0.000000,25258.00,0.25,FAIL_CLOSED
2026-09-13T06:50:07.167Z,usdai,OBSERVATORY_HAIRCUT,39.9,0.000000,25567.00,0.25,FAIL_CLOSED
2026-09-13T06:55:35.684Z,usdai,OBSERVATORY_HAIRCUT,39.9,0.000000,25876.00,0.25,FAIL_CLOSED
2026-09-13T07:01:04.201Z,usdai,OBSERVATORY_HAIRCUT,40.0,0.000000,26186.00,0.25,FAIL_CLOSED
2026-09-13T07:06:32.718Z,usdai,OBSERVATORY_HAIRCUT,40.1,0.000000,26495.00,0.25,FAIL_CLOSED
2026-09-13T07:12:01.235Z,usdai,OBSERVATORY_HAIRCUT,40.1,0.000000,26804.00,0.25,FAIL_CLOSED
2026-09-13T07:17:29.752Z,usdai,OBSERVATORY_HAIRCUT,40.2,0.000000,27113.00,0.25,FAIL_CLOSED
2026-09-13T07:22:58.270Z,usdai,OBSERVATORY_HAIRCUT,40.3,0.000000,27423.00,0.25,FAIL_CLOSED
2026-09-13T07:28:26.787Z,usdai,OBSERVATORY_HAIRCUT,40.4,0.000000,27732.00,0.25,FAIL_CLOSED
2026-09-13T07:33:55.304Z,gmx,SOIL_RESISTANCE_TRIP,3.2,0.000000,7680.00,0.25,FAIL_CLOSED
2026-09-13T07:39:23.821Z,gmx,SOIL_RESISTANCE_TRIP,3.3,0.000000,7784.00,0.25,FAIL_CLOSED
2026-09-13T07:44:52.338Z,gmx,SOIL_RESISTANCE_TRIP,3.4,0.000000,7887.00,0.25,FAIL_CLOSED
2026-09-13T07:50:20.855Z,gmx,SOIL_RESISTANCE_TRIP,3.4,0.000000,7990.00,0.25,FAIL_CLOSED
2026-09-13T07:55:49.372Z,gmx,SOIL_RESISTANCE_TRIP,3.5,0.000000,8093.00,0.25,FAIL_CLOSED
2026-09-13T08:01:17.889Z,gmx,SOIL_RESISTANCE_TRIP,3.6,0.000000,8196.00,0.25,FAIL_CLOSED
2026-09-13T08:06:46.406Z,gmx,SOIL_RESISTANCE_TRIP,3.6,0.000000,8299.00,0.25,FAIL_CLOSED
2026-09-13T08:12:14.924Z,gmx,SOIL_RESISTANCE_TRIP,3.7,0.000000,8402.00,0.25,FAIL_CLOSED
2026-09-13T08:17:43.441Z,gmx,SOIL_RESISTANCE_TRIP,3.8,0.000000,8505.00,0.25,FAIL_CLOSED
2026-09-13T08:23:11.958Z,gmx,SOIL_RESISTANCE_TRIP,3.9,0.000000,8608.00,0.25,FAIL_CLOSED
2026-09-13T08:28:40.475Z,gmx,SOIL_RESISTANCE_TRIP,3.9,0.000000,8711.00,0.25,FAIL_CLOSED
2026-09-13T08:34:08.992Z,gmx,SOIL_RESISTANCE_TRIP,4.0,0.000000,8814.00,0.25,FAIL_CLOSED
2026-09-13T08:39:37.509Z,gmx,SOIL_RESISTANCE_TRIP,4.1,0.000000,8918.00,0.25,FAIL_CLOSED
2026-09-13T08:45:06.026Z,gmx,SOIL_RESISTANCE_TRIP,4.1,0.000000,9021.00,0.25,FAIL_CLOSED
2026-09-13T08:50:34.543Z,gmx,SOIL_RESISTANCE_TRIP,4.2,0.000000,9124.00,0.25,FAIL_CLOSED
2026-09-13T08:56:03.060Z,gmx,SOIL_RESISTANCE_TRIP,4.3,0.000000,9227.00,0.25,FAIL_CLOSED
2026-09-13T09:01:31.578Z,gmx,SOIL_RESISTANCE_TRIP,4.3,0.000000,9330.00,0.25,FAIL_CLOSED
2026-09-13T09:07:00.095Z,gmx,SOIL_RESISTANCE_TRIP,4.4,0.000000,9433.00,0.25,FAIL_CLOSED
2026-09-13T09:12:28.612Z,gmx,SOIL_RESISTANCE_TRIP,4.5,0.000000,9536.00,0.25,FAIL_CLOSED
2026-09-13T09:17:57.129Z,gmx,SOIL_RESISTANCE_TRIP,4.6,0.000000,9639.00,0.25,FAIL_CLOSED
2026-09-13T09:23:25.646Z,variational,SOIL_RESISTANCE_TRIP,4.6,0.000000,9742.00,0.25,FAIL_CLOSED
2026-09-13T09:28:54.163Z,variational,SOIL_RESISTANCE_TRIP,4.7,0.000000,9845.00,0.25,FAIL_CLOSED
2026-09-13T09:34:22.680Z,variational,SOIL_RESISTANCE_TRIP,4.8,0.000000,9948.00,0.25,FAIL_CLOSED
2026-09-13T09:39:51.197Z,variational,SOIL_RESISTANCE_TRIP,4.8,0.000000,10052.00,0.25,FAIL_CLOSED
2026-09-13T09:45:19.714Z,variational,SOIL_RESISTANCE_TRIP,4.9,0.000000,10155.00,0.25,FAIL_CLOSED
2026-09-13T09:50:48.232Z,gmx,OBSERVATORY_HAIRCUT,42.2,0.000000,35773.00,0.25,FAIL_CLOSED
2026-09-13T09:56:16.749Z,gmx,OBSERVATORY_HAIRCUT,42.2,0.000000,36082.00,0.25,FAIL_CLOSED
2026-09-13T10:01:45.266Z,gmx,OBSERVATORY_HAIRCUT,42.3,0.000000,36392.00,0.25,FAIL_CLOSED
2026-09-13T10:07:13.783Z,gmx,OBSERVATORY_HAIRCUT,42.4,0.000000,36701.00,0.25,FAIL_CLOSED
2026-09-13T10:12:42.300Z,gmx,OBSERVATORY_HAIRCUT,42.5,0.000000,37010.00,0.25,FAIL_CLOSED
2026-09-13T10:18:10.817Z,gmx,OBSERVATORY_HAIRCUT,42.5,0.000000,37320.00,0.25,FAIL_CLOSED
2026-09-13T10:23:39.334Z,gmx,OBSERVATORY_HAIRCUT,42.6,0.000000,37629.00,0.25,FAIL_CLOSED
2026-09-13T10:29:07.851Z,gmx,OBSERVATORY_HAIRCUT,42.7,0.000000,37938.00,0.25,FAIL_CLOSED
2026-09-13T10:34:36.368Z,gmx,OBSERVATORY_HAIRCUT,42.7,0.000000,38247.00,0.25,FAIL_CLOSED
2026-09-13T10:40:04.886Z,gmx,OBSERVATORY_HAIRCUT,42.8,0.000000,38557.00,0.25,FAIL_CLOSED
2026-09-13T10:45:33.403Z,gmx,OBSERVATORY_HAIRCUT,42.9,0.000000,38866.00,0.25,FAIL_CLOSED
2026-09-13T10:51:01.920Z,gmx,OBSERVATORY_HAIRCUT,42.9,0.000000,39175.00,0.25,FAIL_CLOSED
2026-09-13T10:56:30.437Z,gmx,OBSERVATORY_HAIRCUT,43.0,0.000000,39485.00,0.25,FAIL_CLOSED
2026-09-13T11:01:58.954Z,gmx,OBSERVATORY_HAIRCUT,43.1,0.000000,39794.00,0.25,FAIL_CLOSED
2026-09-13T11:07:27.471Z,gmx,OBSERVATORY_HAIRCUT,43.2,0.000000,40103.00,0.25,FAIL_CLOSED
2026-09-13T11:12:55.988Z,gmx,OBSERVATORY_HAIRCUT,43.2,0.000000,40412.00,0.25,FAIL_CLOSED
2026-09-13T11:18:24.505Z,gmx,OBSERVATORY_HAIRCUT,43.3,0.000000,40722.00,0.25,FAIL_CLOSED
2026-09-13T11:23:53.022Z,gmx,SOIL_RESISTANCE_TRIP,6.2,0.000000,12010.00,0.25,FAIL_CLOSED
2026-09-13T11:29:21.539Z,gmx,SOIL_RESISTANCE_TRIP,6.2,0.000000,12113.00,0.25,FAIL_CLOSED
2026-09-13T11:34:50.057Z,gmx,SOIL_RESISTANCE_TRIP,6.3,0.000000,12216.00,0.25,FAIL_CLOSED
2026-09-13T11:40:18.574Z,gmx,SOIL_RESISTANCE_TRIP,6.4,0.000000,12320.00,0.25,FAIL_CLOSED
2026-09-13T11:45:47.091Z,gmx,SOIL_RESISTANCE_TRIP,6.4,0.000000,12423.00,0.25,FAIL_CLOSED
2026-09-13T11:51:15.608Z,gmx,SOIL_RESISTANCE_TRIP,6.5,0.000000,12526.00,0.25,FAIL_CLOSED
2026-09-13T11:56:44.125Z,gmx,SOIL_RESISTANCE_TRIP,6.6,0.000000,12629.00,0.25,FAIL_CLOSED
2026-09-13T12:02:12.642Z,gmx,SOIL_RESISTANCE_TRIP,6.7,0.000000,12732.00,0.25,FAIL_CLOSED
2026-09-13T12:07:41.159Z,usdai,OBSERVATORY_HAIRCUT,43.9,0.000000,43505.00,0.25,FAIL_CLOSED
2026-09-13T12:13:09.676Z,usdai,OBSERVATORY_HAIRCUT,44.0,0.000000,43814.00,0.25,FAIL_CLOSED
2026-09-13T12:18:38.193Z,usdai,OBSERVATORY_HAIRCUT,44.1,0.000000,44124.00,0.25,FAIL_CLOSED
2026-09-13T12:24:06.711Z,usdai,OBSERVATORY_HAIRCUT,44.1,0.000000,44433.00,0.25,FAIL_CLOSED
2026-09-13T12:29:35.228Z,usdai,OBSERVATORY_HAIRCUT,44.2,0.000000,44742.00,0.25,FAIL_CLOSED
2026-09-13T12:35:03.745Z,usdai,OBSERVATORY_HAIRCUT,44.3,0.000000,45052.00,0.25,FAIL_CLOSED
2026-09-13T12:40:32.262Z,usdai,OBSERVATORY_HAIRCUT,44.3,0.000000,45361.00,0.25,FAIL_CLOSED
2026-09-13T12:46:00.779Z,usdai,OBSERVATORY_HAIRCUT,44.4,0.000000,45670.00,0.25,FAIL_CLOSED
2026-09-13T12:51:29.296Z,usdai,OBSERVATORY_HAIRCUT,44.5,0.000000,45979.00,0.25,FAIL_CLOSED
2026-09-13T12:56:57.813Z,usdai,OBSERVATORY_HAIRCUT,44.6,0.000000,46289.00,0.25,FAIL_CLOSED
2026-09-13T13:02:26.330Z,gmx,OBSERVATORY_HAIRCUT,44.6,0.000000,46598.00,0.25,FAIL_CLOSED
2026-09-13T13:07:54.847Z,gmx,OBSERVATORY_HAIRCUT,44.7,0.000000,46907.00,0.25,FAIL_CLOSED
2026-09-13T13:13:23.365Z,gmx,OBSERVATORY_HAIRCUT,44.8,0.000000,47216.00,0.25,FAIL_CLOSED
2026-09-13T13:18:51.882Z,gmx,OBSERVATORY_HAIRCUT,44.8,0.000000,47526.00,0.25,FAIL_CLOSED
2026-09-13T13:24:20.399Z,gmx,OBSERVATORY_HAIRCUT,44.9,0.000000,47835.00,0.25,FAIL_CLOSED
2026-09-13T13:29:48.916Z,gmx,OBSERVATORY_HAIRCUT,45.0,0.000000,48144.00,0.25,FAIL_CLOSED
2026-09-13T13:35:17.433Z,gmx,OBSERVATORY_HAIRCUT,45.0,0.000000,48454.00,0.25,FAIL_CLOSED
2026-09-13T13:40:45.950Z,gmx,OBSERVATORY_HAIRCUT,45.1,0.000000,48763.00,0.25,FAIL_CLOSED
2026-09-13T13:46:14.467Z,gmx,OBSERVATORY_HAIRCUT,45.2,0.000000,49072.00,0.25,FAIL_CLOSED
2026-09-13T13:51:42.984Z,gmx,OBSERVATORY_HAIRCUT,45.3,0.000000,49381.00,0.25,FAIL_CLOSED
2026-09-13T13:57:11.501Z,gmx,OBSERVATORY_HAIRCUT,45.3,0.000000,49691.00,0.25,FAIL_CLOSED
2026-09-13T14:02:40.019Z,gmx,OBSERVATORY_HAIRCUT,38.6,0.000000,20000.00,0.25,FAIL_CLOSED
2026-09-13T14:08:08.536Z,gmx,OBSERVATORY_HAIRCUT,38.7,0.000000,20309.00,0.25,FAIL_CLOSED
2026-09-13T14:13:37.053Z,gmx,OBSERVATORY_HAIRCUT,38.7,0.000000,20619.00,0.25,FAIL_CLOSED
2026-09-13T14:19:05.570Z,gmx,OBSERVATORY_HAIRCUT,38.8,0.000000,20928.00,0.25,FAIL_CLOSED
2026-09-13T14:24:34.087Z,gmx,MAX_ATTEMPTS_SEVERED,7.5,0.000000,30825.00,0.25,FAIL_CLOSED
2026-09-13T14:30:02.604Z,gmx,MAX_ATTEMPTS_SEVERED,7.6,0.000000,31031.00,0.25,FAIL_CLOSED
2026-09-13T14:35:31.121Z,gmx,MAX_ATTEMPTS_SEVERED,7.6,0.000000,31237.00,0.25,FAIL_CLOSED
2026-09-13T14:40:59.638Z,gmx,MAX_ATTEMPTS_SEVERED,7.7,0.000000,31443.00,0.25,FAIL_CLOSED
2026-09-13T14:46:28.155Z,gmx,MAX_ATTEMPTS_SEVERED,7.8,0.000000,31649.00,0.25,FAIL_CLOSED
2026-09-13T14:51:56.673Z,gmx,MAX_ATTEMPTS_SEVERED,7.8,0.000000,31856.00,0.25,FAIL_CLOSED
2026-09-13T14:57:25.190Z,gmx,MAX_ATTEMPTS_SEVERED,7.9,0.000000,32062.00,0.25,FAIL_CLOSED
2026-09-13T15:02:53.707Z,gmx,MAX_ATTEMPTS_SEVERED,8.0,0.000000,32268.00,0.25,FAIL_CLOSED
2026-09-13T15:08:22.224Z,gmx,MAX_ATTEMPTS_SEVERED,8.0,0.000000,32474.00,0.25,FAIL_CLOSED
2026-09-13T15:13:50.741Z,gmx,MAX_ATTEMPTS_SEVERED,8.1,0.000000,32680.00,0.25,FAIL_CLOSED
2026-09-13T15:19:19.258Z,gmx,MAX_ATTEMPTS_SEVERED,8.2,0.000000,32887.00,0.25,FAIL_CLOSED
2026-09-13T15:24:47.775Z,gmx,MAX_ATTEMPTS_SEVERED,8.3,0.000000,33093.00,0.25,FAIL_CLOSED
2026-09-13T15:30:16.292Z,gmx,MAX_ATTEMPTS_SEVERED,8.3,0.000000,33299.00,0.25,FAIL_CLOSED
2026-09-13T15:35:44.809Z,gmx,MAX_ATTEMPTS_SEVERED,8.4,0.000000,33505.00,0.25,FAIL_CLOSED
2026-09-13T15:41:13.327Z,gmx,MAX_ATTEMPTS_SEVERED,8.5,0.000000,33711.00,0.25,FAIL_CLOSED
2026-09-13T15:46:41.844Z,gmx,MAX_ATTEMPTS_SEVERED,8.5,0.000000,33918.00,0.25,FAIL_CLOSED
2026-09-13T15:52:10.361Z,gmx,MAX_ATTEMPTS_SEVERED,8.6,0.000000,34124.00,0.25,FAIL_CLOSED
2026-09-13T15:57:38.878Z,gmx,MAX_ATTEMPTS_SEVERED,8.7,0.000000,34330.00,0.25,FAIL_CLOSED
2026-09-13T16:03:07.395Z,gmx,MAX_ATTEMPTS_SEVERED,8.7,0.000000,34536.00,0.25,FAIL_CLOSED
2026-09-13T16:08:35.912Z,gmx,MAX_ATTEMPTS_SEVERED,8.8,0.000000,34742.00,0.25,FAIL_CLOSED
2026-09-13T16:14:04.429Z,gmx,MAX_ATTEMPTS_SEVERED,8.9,0.000000,34948.00,0.25,FAIL_CLOSED
2026-09-13T16:19:32.946Z,gmx,MAX_ATTEMPTS_SEVERED,9.0,0.000000,35155.00,0.25,FAIL_CLOSED
2026-09-13T16:25:01.463Z,gmx,MAX_ATTEMPTS_SEVERED,9.0,0.000000,35361.00,0.25,FAIL_CLOSED
2026-09-13T16:30:29.981Z,gmx,MAX_ATTEMPTS_SEVERED,9.1,0.000000,35567.00,0.25,FAIL_CLOSED
2026-09-13T16:35:58.498Z,gmx,MAX_ATTEMPTS_SEVERED,9.2,0.000000,35773.00,0.25,FAIL_CLOSED
2026-09-13T16:41:27.015Z,hyperliquid,HONEYPOT_DECOY,14.8,0.000000,6495.00,0.25,FAIL_CLOSED
2026-09-13T16:46:55.532Z,hyperliquid,HONEYPOT_DECOY,14.9,0.000000,6546.00,0.25,FAIL_CLOSED
2026-09-13T16:52:24.049Z,hyperliquid,SOIL_RESISTANCE_TRIP,3.6,0.000000,8196.00,0.25,FAIL_CLOSED
2026-09-13T16:57:52.566Z,hyperliquid,SOIL_RESISTANCE_TRIP,3.6,0.000000,8299.00,0.25,FAIL_CLOSED
2026-09-13T17:03:21.083Z,hyperliquid,HONEYPOT_DECOY,15.1,0.000000,6701.00,0.25,FAIL_CLOSED
2026-09-13T17:08:49.600Z,hyperliquid,HONEYPOT_DECOY,15.2,0.000000,6753.00,0.25,FAIL_CLOSED
2026-09-13T17:14:18.117Z,hyperliquid,HONEYPOT_DECOY,15.3,0.000000,6804.00,0.25,FAIL_CLOSED
2026-09-13T17:19:46.635Z,hyperliquid,SOIL_RESISTANCE_TRIP,3.9,0.000000,8711.00,0.25,FAIL_CLOSED
2026-09-13T17:25:15.152Z,hyperliquid,SOIL_RESISTANCE_TRIP,4.0,0.000000,8814.00,0.25,FAIL_CLOSED
2026-09-13T17:30:43.669Z,hyperliquid,HONEYPOT_DECOY,15.5,0.000000,6959.00,0.25,FAIL_CLOSED
2026-09-13T17:36:12.186Z,hyperliquid,HONEYPOT_DECOY,15.5,0.000000,7010.00,0.25,FAIL_CLOSED
2026-09-13T17:41:40.703Z,hyperliquid,HONEYPOT_DECOY,15.6,0.000000,7062.00,0.25,FAIL_CLOSED
2026-09-13T17:47:09.220Z,hyperliquid,HONEYPOT_DECOY,15.7,0.000000,7113.00,0.25,FAIL_CLOSED
2026-09-13T17:52:37.737Z,hyperliquid,HONEYPOT_DECOY,15.7,0.000000,7165.00,0.25,FAIL_CLOSED
2026-09-13T17:58:06.254Z,hyperliquid,HONEYPOT_DECOY,15.8,0.000000,7216.00,0.25,FAIL_CLOSED
2026-09-13T18:03:34.771Z,hyperliquid,HONEYPOT_DECOY,15.9,0.000000,7268.00,0.25,FAIL_CLOSED
2026-09-13T18:09:03.289Z,hyperliquid,HONEYPOT_DECOY,16.0,0.000000,7320.00,0.25,FAIL_CLOSED
2026-09-13T18:14:31.806Z,hyperliquid,HONEYPOT_DECOY,16.0,0.000000,7371.00,0.25,FAIL_CLOSED
2026-09-13T18:20:00.323Z,hyperliquid,HONEYPOT_DECOY,16.1,0.000000,7423.00,0.25,FAIL_CLOSED
2026-09-13T18:25:28.840Z,hyperliquid,HONEYPOT_DECOY,16.2,0.000000,7474.00,0.25,FAIL_CLOSED
2026-09-13T18:30:57.357Z,hyperliquid,HONEYPOT_DECOY,16.2,0.000000,7526.00,0.25,FAIL_CLOSED
2026-09-13T18:36:25.874Z,hyperliquid,HONEYPOT_DECOY,16.3,0.000000,7577.00,0.25,FAIL_CLOSED
2026-09-13T18:41:54.391Z,hyperliquid,HONEYPOT_DECOY,16.4,0.000000,7629.00,0.25,FAIL_CLOSED
2026-09-13T18:47:22.908Z,hyperliquid,HONEYPOT_DECOY,16.4,0.000000,7680.00,0.25,FAIL_CLOSED
2026-09-13T18:52:51.425Z,hyperliquid,SOIL_RESISTANCE_TRIP,5.1,0.000000,10464.00,0.25,FAIL_CLOSED
2026-09-13T18:58:19.943Z,variational,SOIL_RESISTANCE_TRIP,5.2,0.000000,10567.00,0.25,FAIL_CLOSED
2026-09-13T19:03:48.460Z,variational,SOIL_RESISTANCE_TRIP,5.3,0.000000,10670.00,0.25,FAIL_CLOSED
2026-09-13T19:09:16.977Z,variational,SOIL_RESISTANCE_TRIP,5.3,0.000000,10773.00,0.25,FAIL_CLOSED
2026-09-13T19:14:45.494Z,variational,SOIL_RESISTANCE_TRIP,5.4,0.000000,10876.00,0.25,FAIL_CLOSED
2026-09-13T19:20:14.011Z,variational,SOIL_RESISTANCE_TRIP,5.5,0.000000,10979.00,0.25,FAIL_CLOSED
2026-09-13T19:25:42.528Z,variational,SOIL_RESISTANCE_TRIP,5.5,0.000000,11082.00,0.25,FAIL_CLOSED
2026-09-13T19:31:11.045Z,variational,SOIL_RESISTANCE_TRIP,5.6,0.000000,11186.00,0.25,FAIL_CLOSED
2026-09-13T19:36:39.562Z,variational,SOIL_RESISTANCE_TRIP,5.7,0.000000,11289.00,0.25,FAIL_CLOSED
2026-09-13T19:42:08.079Z,variational,SOIL_RESISTANCE_TRIP,5.7,0.000000,11392.00,0.25,FAIL_CLOSED
2026-09-13T19:47:36.597Z,variational,SOIL_RESISTANCE_TRIP,5.8,0.000000,11495.00,0.25,FAIL_CLOSED
2026-09-13T19:53:05.114Z,hyperliquid,SOIL_RESISTANCE_TRIP,5.9,0.000000,11598.00,0.25,FAIL_CLOSED
2026-09-13T19:58:33.631Z,hyperliquid,SOIL_RESISTANCE_TRIP,6.0,0.000000,11701.00,0.25,FAIL_CLOSED
2026-09-13T20:04:02.148Z,hyperliquid,SOIL_RESISTANCE_TRIP,6.0,0.000000,11804.00,0.25,FAIL_CLOSED
2026-09-13T20:09:30.665Z,hyperliquid,SOIL_RESISTANCE_TRIP,6.1,0.000000,11907.00,0.25,FAIL_CLOSED
2026-09-13T20:14:59.182Z,hyperliquid,SOIL_RESISTANCE_TRIP,6.2,0.000000,12010.00,0.25,FAIL_CLOSED
2026-09-13T20:20:27.699Z,hyperliquid,SOIL_RESISTANCE_TRIP,6.2,0.000000,12113.00,0.25,FAIL_CLOSED
2026-09-13T20:25:56.216Z,hyperliquid,SOIL_RESISTANCE_TRIP,6.3,0.000000,12216.00,0.25,FAIL_CLOSED
2026-09-13T20:31:24.733Z,hyperliquid,SOIL_RESISTANCE_TRIP,6.4,0.000000,12320.00,0.25,FAIL_CLOSED
2026-09-13T20:36:53.251Z,hyperliquid,MAX_ATTEMPTS_SEVERED,12.2,0.000000,44845.00,0.25,FAIL_CLOSED
2026-09-13T20:42:21.768Z,hyperliquid,MAX_ATTEMPTS_SEVERED,12.3,0.000000,45052.00,0.25,FAIL_CLOSED
2026-09-13T20:47:50.285Z,hyperliquid,MAX_ATTEMPTS_SEVERED,12.4,0.000000,45258.00,0.25,FAIL_CLOSED
2026-09-13T20:53:18.802Z,hyperliquid,MAX_ATTEMPTS_SEVERED,12.5,0.000000,45464.00,0.25,FAIL_CLOSED
2026-09-13T20:58:47.319Z,hyperliquid,MAX_ATTEMPTS_SEVERED,12.5,0.000000,45670.00,0.25,FAIL_CLOSED
2026-09-13T21:04:15.836Z,hyperliquid,MAX_ATTEMPTS_SEVERED,12.6,0.000000,45876.00,0.25,FAIL_CLOSED
2026-09-13T21:09:44.353Z,hyperliquid,MAX_ATTEMPTS_SEVERED,12.7,0.000000,46082.00,0.25,FAIL_CLOSED
2026-09-13T21:15:12.870Z,usdai,OBSERVATORY_HAIRCUT,44.1,0.000000,44433.00,0.25,FAIL_CLOSED
2026-09-13T21:20:41.387Z,usdai,OBSERVATORY_HAIRCUT,44.2,0.000000,44742.00,0.25,FAIL_CLOSED
2026-09-13T21:26:09.905Z,usdai,OBSERVATORY_HAIRCUT,44.3,0.000000,45052.00,0.25,FAIL_CLOSED
2026-09-13T21:31:38.422Z,usdai,OBSERVATORY_HAIRCUT,44.3,0.000000,45361.00,0.25,FAIL_CLOSED
2026-09-13T21:37:06.939Z,usdai,OBSERVATORY_HAIRCUT,44.4,0.000000,45670.00,0.25,FAIL_CLOSED
2026-09-13T21:42:35.456Z,usdai,OBSERVATORY_HAIRCUT,44.5,0.000000,45979.00,0.25,FAIL_CLOSED
2026-09-13T21:48:03.973Z,usdai,OBSERVATORY_HAIRCUT,44.6,0.000000,46289.00,0.25,FAIL_CLOSED
2026-09-13T21:53:32.490Z,usdai,OBSERVATORY_HAIRCUT,44.6,0.000000,46598.00,0.25,FAIL_CLOSED
2026-09-13T21:59:01.007Z,usdai,OBSERVATORY_HAIRCUT,44.7,0.000000,46907.00,0.25,FAIL_CLOSED
2026-09-13T22:04:29.524Z,usdai,OBSERVATORY_HAIRCUT,44.8,0.000000,47216.00,0.25,FAIL_CLOSED
2026-09-13T22:09:58.041Z,variational,OBSERVATORY_HAIRCUT,44.8,0.000000,47526.00,0.25,FAIL_CLOSED
2026-09-13T22:15:26.559Z,variational,OBSERVATORY_HAIRCUT,44.9,0.000000,47835.00,0.25,FAIL_CLOSED
2026-09-13T22:20:55.076Z,variational,OBSERVATORY_HAIRCUT,45.0,0.000000,48144.00,0.25,FAIL_CLOSED
2026-09-13T22:26:23.593Z,variational,OBSERVATORY_HAIRCUT,45.0,0.000000,48454.00,0.25,FAIL_CLOSED
2026-09-13T22:31:52.110Z,variational,OBSERVATORY_HAIRCUT,45.1,0.000000,48763.00,0.25,FAIL_CLOSED
2026-09-13T22:37:20.627Z,variational,OBSERVATORY_HAIRCUT,45.2,0.000000,49072.00,0.25,FAIL_CLOSED
2026-09-13T22:42:49.144Z,variational,OBSERVATORY_HAIRCUT,45.3,0.000000,49381.00,0.25,FAIL_CLOSED
2026-09-13T22:48:17.661Z,gmx,OBSERVATORY_HAIRCUT,45.3,0.000000,49691.00,0.25,FAIL_CLOSED
2026-09-13T22:53:46.178Z,gmx,OBSERVATORY_HAIRCUT,38.6,0.000000,20000.00,0.25,FAIL_CLOSED
2026-09-13T22:59:14.695Z,gmx,OBSERVATORY_HAIRCUT,38.7,0.000000,20309.00,0.25,FAIL_CLOSED
2026-09-13T23:04:43.213Z,gmx,OBSERVATORY_HAIRCUT,38.7,0.000000,20619.00,0.25,FAIL_CLOSED
2026-09-13T23:10:11.730Z,gmx,OBSERVATORY_HAIRCUT,38.8,0.000000,20928.00,0.25,FAIL_CLOSED
2026-09-13T23:15:40.247Z,gmx,OBSERVATORY_HAIRCUT,38.9,0.000000,21237.00,0.25,FAIL_CLOSED
2026-09-13T23:21:08.764Z,gmx,OBSERVATORY_HAIRCUT,39.0,0.000000,21546.00,0.25,FAIL_CLOSED
2026-09-13T23:26:37.281Z,gmx,OBSERVATORY_HAIRCUT,39.0,0.000000,21856.00,0.25,FAIL_CLOSED
2026-09-13T23:32:05.798Z,usdai,SOIL_RESISTANCE_TRIP,1.9,0.000000,5722.00,0.25,FAIL_CLOSED
2026-09-13T23:37:34.315Z,usdai,SOIL_RESISTANCE_TRIP,2.0,0.000000,5825.00,0.25,FAIL_CLOSED
2026-09-13T23:43:02.832Z,usdai,SOIL_RESISTANCE_TRIP,2.0,0.000000,5928.00,0.25,FAIL_CLOSED
2026-09-13T23:48:31.349Z,usdai,SOIL_RESISTANCE_TRIP,2.1,0.000000,6031.00,0.25,FAIL_CLOSED
2026-09-13T23:53:59.866Z,usdai,SOIL_RESISTANCE_TRIP,2.2,0.000000,6134.00,0.25,FAIL_CLOSED
2026-09-13T23:59:28.384Z,usdai,SOIL_RESISTANCE_TRIP,2.2,0.000000,6237.00,0.25,FAIL_CLOSED
2026-09-14T00:04:56.901Z,usdai,SOIL_RESISTANCE_TRIP,2.3,0.000000,6340.00,0.25,FAIL_CLOSED
2026-09-14T00:10:25.418Z,usdai,SOIL_RESISTANCE_TRIP,2.4,0.000000,6443.00,0.25,FAIL_CLOSED
2026-09-14T00:15:53.935Z,usdai,HONEYPOT_DECOY,13.9,0.000000,5773.00,0.25,FAIL_CLOSED
2026-09-14T00:21:22.452Z,usdai,HONEYPOT_DECOY,13.9,0.000000,5825.00,0.25,FAIL_CLOSED
2026-09-14T00:26:50.969Z,usdai,HONEYPOT_DECOY,14.0,0.000000,5876.00,0.25,FAIL_CLOSED
2026-09-14T00:32:19.486Z,usdai,HONEYPOT_DECOY,14.1,0.000000,5928.00,0.25,FAIL_CLOSED
2026-09-14T00:37:48.003Z,usdai,HONEYPOT_DECOY,14.1,0.000000,5979.00,0.25,FAIL_CLOSED
2026-09-14T00:43:16.520Z,usdai,HONEYPOT_DECOY,14.2,0.000000,6031.00,0.25,FAIL_CLOSED
2026-09-14T00:48:45.038Z,usdai,HONEYPOT_DECOY,14.3,0.000000,6082.00,0.25,FAIL_CLOSED
2026-09-14T00:54:13.555Z,usdai,HONEYPOT_DECOY,14.3,0.000000,6134.00,0.25,FAIL_CLOSED
2026-09-14T00:59:42.072Z,gmx,SOIL_RESISTANCE_TRIP,3.0,0.000000,7371.00,0.25,FAIL_CLOSED
2026-09-14T01:05:10.589Z,gmx,SOIL_RESISTANCE_TRIP,3.1,0.000000,7474.00,0.25,FAIL_CLOSED
2026-09-14T01:10:39.106Z,gmx,SOIL_RESISTANCE_TRIP,3.2,0.000000,7577.00,0.25,FAIL_CLOSED
2026-09-14T01:16:07.623Z,gmx,SOIL_RESISTANCE_TRIP,3.2,0.000000,7680.00,0.25,FAIL_CLOSED
2026-09-14T01:21:36.140Z,gmx,SOIL_RESISTANCE_TRIP,3.3,0.000000,7784.00,0.25,FAIL_CLOSED
2026-09-14T01:27:04.657Z,gmx,SOIL_RESISTANCE_TRIP,3.4,0.000000,7887.00,0.25,FAIL_CLOSED
2026-09-14T01:32:33.174Z,gmx,SOIL_RESISTANCE_TRIP,3.4,0.000000,7990.00,0.25,FAIL_CLOSED
2026-09-14T01:38:01.692Z,gmx,SOIL_RESISTANCE_TRIP,3.5,0.000000,8093.00,0.25,FAIL_CLOSED
2026-09-14T01:43:30.209Z,gmx,SOIL_RESISTANCE_TRIP,3.6,0.000000,8196.00,0.25,FAIL_CLOSED
2026-09-14T01:48:58.726Z,pendle,MAX_ATTEMPTS_SEVERED,9.4,0.000000,36598.00,0.25,FAIL_CLOSED
2026-09-14T01:54:27.243Z,pendle,MAX_ATTEMPTS_SEVERED,9.5,0.000000,36804.00,0.25,FAIL_CLOSED
2026-09-14T01:59:55.760Z,pendle,MAX_ATTEMPTS_SEVERED,9.6,0.000000,37010.00,0.25,FAIL_CLOSED
2026-09-14T02:05:24.277Z,pendle,MAX_ATTEMPTS_SEVERED,9.7,0.000000,37216.00,0.25,FAIL_CLOSED
2026-09-14T02:10:52.794Z,pendle,MAX_ATTEMPTS_SEVERED,9.7,0.000000,37423.00,0.25,FAIL_CLOSED
2026-09-14T02:16:21.311Z,pendle,MAX_ATTEMPTS_SEVERED,9.8,0.000000,37629.00,0.25,FAIL_CLOSED
2026-09-14T02:21:49.828Z,pendle,MAX_ATTEMPTS_SEVERED,9.9,0.000000,37835.00,0.25,FAIL_CLOSED
2026-09-14T02:27:18.346Z,pendle,MAX_ATTEMPTS_SEVERED,9.9,0.000000,38041.00,0.25,FAIL_CLOSED
2026-09-14T02:32:46.863Z,pendle,MAX_ATTEMPTS_SEVERED,10.0,0.000000,38247.00,0.25,FAIL_CLOSED
2026-09-14T02:38:15.380Z,pendle,MAX_ATTEMPTS_SEVERED,10.1,0.000000,38454.00,0.25,FAIL_CLOSED
2026-09-14T02:43:43.897Z,pendle,MAX_ATTEMPTS_SEVERED,10.1,0.000000,38660.00,0.25,FAIL_CLOSED
2026-09-14T02:49:12.414Z,pendle,MAX_ATTEMPTS_SEVERED,10.2,0.000000,38866.00,0.25,FAIL_CLOSED
2026-09-14T02:54:40.931Z,pendle,MAX_ATTEMPTS_SEVERED,10.3,0.000000,39072.00,0.25,FAIL_CLOSED
2026-09-14T03:00:09.448Z,pendle,MAX_ATTEMPTS_SEVERED,10.4,0.000000,39278.00,0.25,FAIL_CLOSED
2026-09-14T03:05:37.965Z,pendle,MAX_ATTEMPTS_SEVERED,10.4,0.000000,39485.00,0.25,FAIL_CLOSED
2026-09-14T03:11:06.482Z,pendle,MAX_ATTEMPTS_SEVERED,10.5,0.000000,39691.00,0.25,FAIL_CLOSED
2026-09-14T03:16:35.000Z,pendle,MAX_ATTEMPTS_SEVERED,10.6,0.000000,39897.00,0.25,FAIL_CLOSED
2026-09-14T03:22:03.517Z,pendle,MAX_ATTEMPTS_SEVERED,10.6,0.000000,40103.00,0.25,FAIL_CLOSED
2026-09-14T03:27:32.034Z,pendle,MAX_ATTEMPTS_SEVERED,10.7,0.000000,40309.00,0.25,FAIL_CLOSED
2026-09-14T03:33:00.551Z,pendle,MAX_ATTEMPTS_SEVERED,10.8,0.000000,40515.00,0.25,FAIL_CLOSED
2026-09-14T03:38:29.068Z,pendle,MAX_ATTEMPTS_SEVERED,10.8,0.000000,40722.00,0.25,FAIL_CLOSED
2026-09-14T03:43:57.585Z,pendle,MAX_ATTEMPTS_SEVERED,10.9,0.000000,40928.00,0.25,FAIL_CLOSED
2026-09-14T03:49:26.102Z,pendle,MAX_ATTEMPTS_SEVERED,11.0,0.000000,41134.00,0.25,FAIL_CLOSED
2026-09-14T03:54:54.619Z,usdai,OBSERVATORY_HAIRCUT,42.5,0.000000,37010.00,0.25,FAIL_CLOSED
2026-09-14T04:00:23.136Z,usdai,OBSERVATORY_HAIRCUT,42.5,0.000000,37320.00,0.25,FAIL_CLOSED
2026-09-14T04:05:51.654Z,usdai,OBSERVATORY_HAIRCUT,42.6,0.000000,37629.00,0.25,FAIL_CLOSED
2026-09-14T04:11:20.171Z,usdai,OBSERVATORY_HAIRCUT,42.7,0.000000,37938.00,0.25,FAIL_CLOSED
2026-09-14T04:16:48.688Z,usdai,OBSERVATORY_HAIRCUT,42.7,0.000000,38247.00,0.25,FAIL_CLOSED
2026-09-14T04:22:17.205Z,usdai,OBSERVATORY_HAIRCUT,42.8,0.000000,38557.00,0.25,FAIL_CLOSED
2026-09-14T04:27:45.722Z,usdai,OBSERVATORY_HAIRCUT,42.9,0.000000,38866.00,0.25,FAIL_CLOSED
2026-09-14T04:33:14.239Z,variational,HONEYPOT_DECOY,13.0,0.000000,5670.00,0.25,FAIL_CLOSED
2026-09-14T04:38:42.756Z,variational,HONEYPOT_DECOY,13.1,0.000000,5052.00,0.25,FAIL_CLOSED
2026-09-14T04:44:11.273Z,variational,HONEYPOT_DECOY,13.2,0.000000,5103.00,0.25,FAIL_CLOSED
2026-09-14T04:49:39.790Z,pendle,SOIL_RESISTANCE_TRIP,4.2,0.000001,0.00,0.00,ALLOW
2026-09-14T04:55:08.308Z,pendle,SOIL_RESISTANCE_TRIP,4.3,0.000000,5103.00,0.25,FAIL_CLOSED
2026-09-14T05:00:36.825Z,pendle,OBSERVATORY_HAIRCUT,41.5,0.000000,20619.00,0.25,FAIL_CLOSED
2026-09-14T05:06:05.342Z,gmx,SOIL_RESISTANCE_TRIP,6.8,0.000000,5722.00,0.25,FAIL_CLOSED
2026-09-14T05:11:33.859Z,hyperliquid,MAX_ATTEMPTS_SEVERED,7.2,0.000000,30206.00,0.25,FAIL_CLOSED
2026-09-14T05:17:02.376Z,gmx,SOIL_RESISTANCE_TRIP,1.3,0.000001,0.00,0.00,ALLOW