# SEPSB stress telemetry v1 | reflex_latency_us: in-process soil_core.wasm reflex (µs) | hyperliquid band: 15-45µs | cap: <100µs
case_id,set_type,venue,expected_verdict,actual_verdict,is_correct,reflex_latency_us,tpr_rate,fpr_rate,hardware_spec,timestamp
toxic-infinite-approve-erc20,toxic,gmx,block,block,true,35.343,100.0,0.0,Intel(R) Core(TM) Ultra 7 155H|22c|x64|linux|v24.18.0,2026-09-15T03:11:00.126Z
toxic-permit2-infinite-approve,toxic,gmx,block,block,true,12.71,100.0,0.0,Intel(R) Core(TM) Ultra 7 155H|22c|x64|linux|v24.18.0,2026-09-15T03:11:00.126Z
toxic-domain-drift-eip712,toxic,pendle,block,block,true,41.565,100.0,0.0,Intel(R) Core(TM) Ultra 7 155H|22c|x64|linux|v24.18.0,2026-09-15T03:11:00.126Z
toxic-ai-4th-strike-retry,toxic,hyperliquid,block,block,true,25.006,100.0,0.0,Intel(R) Core(TM) Ultra 7 155H|22c|x64|linux|v24.18.0,2026-09-15T03:11:00.126Z
toxic-gmx-oi-skew,toxic,gmx,block,block,true,22.601,100.0,0.0,Intel(R) Core(TM) Ultra 7 155H|22c|x64|linux|v24.18.0,2026-09-15T03:11:00.126Z
toxic-pendle-oracle-lag,toxic,pendle,block,block,true,42.543,100.0,0.0,Intel(R) Core(TM) Ultra 7 155H|22c|x64|linux|v24.18.0,2026-09-15T03:11:00.126Z
toxic-usdai-peg-drift,toxic,usdai,block,block,true,47.523,100.0,0.0,Intel(R) Core(TM) Ultra 7 155H|22c|x64|linux|v24.18.0,2026-09-15T03:11:00.126Z
toxic-usdai-oracle-stale,toxic,usdai,block,block,true,22.441,100.0,0.0,Intel(R) Core(TM) Ultra 7 155H|22c|x64|linux|v24.18.0,2026-09-15T03:11:00.126Z
toxic-hyperliquid-spread-jitter,toxic,hyperliquid,block,block,true,15.004,100.0,0.0,Intel(R) Core(TM) Ultra 7 155H|22c|x64|linux|v24.18.0,2026-09-15T03:11:00.126Z
toxic-hyperliquid-session-velocity,toxic,hyperliquid,block,block,true,35.002,100.0,0.0,Intel(R) Core(TM) Ultra 7 155H|22c|x64|linux|v24.18.0,2026-09-15T03:11:00.126Z
toxic-variational-stale-quote,toxic,variational,block,block,true,37.216,100.0,0.0,Intel(R) Core(TM) Ultra 7 155H|22c|x64|linux|v24.18.0,2026-09-15T03:11:00.126Z
toxic-variational-olp-threshold,toxic,variational,block,block,true,38.181,100.0,0.0,Intel(R) Core(TM) Ultra 7 155H|22c|x64|linux|v24.18.0,2026-09-15T03:11:00.126Z
toxic-soil-cross-venue,toxic,hyperliquid,block,block,true,31.003,100.0,0.0,Intel(R) Core(TM) Ultra 7 155H|22c|x64|linux|v24.18.0,2026-09-15T03:11:00.126Z
toxic-pendle-gmx-open-thin-liquidity,toxic,pendle,block,block,true,31.221,100.0,0.0,Intel(R) Core(TM) Ultra 7 155H|22c|x64|linux|v24.18.0,2026-09-15T03:11:00.126Z
toxic-venue-drift-contract,toxic,variational,block,block,true,58.203,100.0,0.0,Intel(R) Core(TM) Ultra 7 155H|22c|x64|linux|v24.18.0,2026-09-15T03:11:00.126Z
toxic-shallow-depth-honeypot,toxic,gmx,block,block,true,34.214,100.0,0.0,Intel(R) Core(TM) Ultra 7 155H|22c|x64|linux|v24.18.0,2026-09-15T03:11:00.126Z
benign-normal-transfer-gmx,benign,gmx,allow,allow,true,24.198,100.0,0.0,Intel(R) Core(TM) Ultra 7 155H|22c|x64|linux|v24.18.0,2026-09-15T03:11:00.126Z
benign-gmx-increase,benign,gmx,allow,allow,true,22.196,100.0,0.0,Intel(R) Core(TM) Ultra 7 155H|22c|x64|linux|v24.18.0,2026-09-15T03:11:00.126Z
benign-gmx-decrease,benign,gmx,allow,allow,true,39.318,100.0,0.0,Intel(R) Core(TM) Ultra 7 155H|22c|x64|linux|v24.18.0,2026-09-15T03:11:00.126Z
benign-pendle-swap,benign,pendle,allow,allow,true,37.185,100.0,0.0,Intel(R) Core(TM) Ultra 7 155H|22c|x64|linux|v24.18.0,2026-09-15T03:11:00.126Z
benign-usdai-vault-deposit,benign,usdai,allow,allow,true,49.19,100.0,0.0,Intel(R) Core(TM) Ultra 7 155H|22c|x64|linux|v24.18.0,2026-09-15T03:11:00.126Z
benign-usdai-peg-stable,benign,usdai,allow,allow,true,36.183,100.0,0.0,Intel(R) Core(TM) Ultra 7 155H|22c|x64|linux|v24.18.0,2026-09-15T03:11:00.126Z
benign-hyperliquid-rfq-clean,benign,hyperliquid,allow,allow,true,17.002,100.0,0.0,Intel(R) Core(TM) Ultra 7 155H|22c|x64|linux|v24.18.0,2026-09-15T03:11:00.126Z
benign-hyperliquid-session-key,benign,hyperliquid,allow,allow,true,26.002,100.0,0.0,Intel(R) Core(TM) Ultra 7 155H|22c|x64|linux|v24.18.0,2026-09-15T03:11:00.126Z
benign-variational-trade-clean,benign,variational,allow,allow,true,64.214,100.0,0.0,Intel(R) Core(TM) Ultra 7 155H|22c|x64|linux|v24.18.0,2026-09-15T03:11:00.126Z
benign-variational-rfq-normal,benign,variational,allow,allow,true,46.185,100.0,0.0,Intel(R) Core(TM) Ultra 7 155H|22c|x64|linux|v24.18.0,2026-09-15T03:11:00.126Z
benign-trusted-infinite-approve,benign,gmx,allow,allow,true,45.182,100.0,0.0,Intel(R) Core(TM) Ultra 7 155H|22c|x64|linux|v24.18.0,2026-09-15T03:11:00.126Z
benign-observatory-emergency-close,benign,pendle,allow,allow,true,29.181,100.0,0.0,Intel(R) Core(TM) Ultra 7 155H|22c|x64|linux|v24.18.0,2026-09-15T03:11:00.126Z
benign-observatory-reduce-position,benign,pendle,allow,allow,true,38.191,100.0,0.0,Intel(R) Core(TM) Ultra 7 155H|22c|x64|linux|v24.18.0,2026-09-15T03:11:00.126Z
benign-eip712-allowlisted-permit,benign,pendle,allow,allow,true,37.195,100.0,0.0,Intel(R) Core(TM) Ultra 7 155H|22c|x64|linux|v24.18.0,2026-09-15T03:11:00.126Z
benign-gmx-healthy-open,benign,gmx,allow,allow,true,16.221,100.0,0.0,Intel(R) Core(TM) Ultra 7 155H|22c|x64|linux|v24.18.0,2026-09-15T03:11:00.126Z
